ꯇꯦꯟ	10
ꯏꯂꯤꯚꯦꯟ	11
ꯇꯨꯌꯦꯜꯐ	12
ꯊꯤꯔꯇꯤꯟ	13
ꯐꯧꯔꯇꯤꯟ	14
ꯐꯤꯐꯇꯤꯟ	15
ꯁꯤꯛꯁꯇꯤꯟ	16
ꯁꯦꯚꯦꯟꯇꯤꯟ	17
ꯑꯩꯇꯤꯟ	18
ꯅꯤꯅꯦꯇꯤꯟ	19
ꯇꯨꯌꯦꯟꯇꯤ	20
ꯇꯨꯌꯦꯟꯇꯤ ꯑꯣꯅꯦ	21
ꯇꯨꯌꯦꯟꯇꯤ ꯇꯨꯑꯣ	22
ꯇꯨꯌꯦꯟꯇꯤ ꯊ꯭ꯔꯤ	23
ꯇꯨꯌꯦꯟꯇꯤ ꯐꯧꯔ	24
ꯇꯨꯌꯦꯟꯇꯤ ꯐꯥꯢꯚ	25
ꯇꯨꯌꯦꯟꯇꯤ ꯁꯤꯛꯁ	26
ꯇꯨꯌꯦꯟꯇꯤ ꯁꯦꯚꯦꯟ	27
ꯇꯨꯌꯦꯟꯇꯤ ꯑꯩꯠ	28
ꯇꯨꯌꯦꯟꯇꯤ ꯅꯥꯢꯟ	29
ꯊꯤꯔꯇꯤ	30
ꯊꯤꯔꯇꯤ ꯑꯣꯅꯦ	31
ꯊꯤꯔꯇꯤ ꯇꯨꯑꯣ	32
ꯊꯤꯔꯇꯤ ꯊ꯭ꯔꯤ	33
ꯊꯤꯔꯇꯤ ꯐꯧꯔ	34
ꯊꯤꯔꯇꯤ ꯐꯥꯢꯚ	35
ꯊꯤꯔꯇꯤ ꯁꯤꯛꯁ	36
ꯊꯤꯔꯇꯤ ꯁꯦꯚꯦꯟ	37
ꯊꯤꯔꯇꯤ ꯑꯩꯠ	38
ꯊꯤꯔꯇꯤ ꯅꯥꯢꯟ	39
ꯐꯣꯔꯇꯤ	40
ꯐꯣꯔꯇꯤ ꯑꯣꯅꯦ	41
ꯐꯣꯔꯇꯤ ꯇꯨꯑꯣ	42
ꯐꯣꯔꯇꯤ ꯊ꯭ꯔꯤ	43
ꯐꯣꯔꯇꯤ ꯐꯧꯔ	44
ꯐꯣꯔꯇꯤ ꯐꯥꯢꯚ	45
ꯐꯣꯔꯇꯤ ꯁꯤꯛꯁ	46
ꯐꯣꯔꯇꯤ ꯁꯦꯚꯦꯟ	47
ꯐꯣꯔꯇꯤ ꯑꯩꯠ	48
ꯐꯣꯔꯇꯤ ꯅꯥꯢꯟ	49
ꯐꯤꯐꯇꯤ	50
ꯐꯤꯐꯇꯤ ꯑꯣꯅꯦ	51
ꯐꯤꯐꯇꯤ ꯇꯨꯑꯣ	52
ꯐꯤꯐꯇꯤ ꯊ꯭ꯔꯤ	53
ꯐꯤꯐꯇꯤ ꯐꯧꯔ	54
ꯐꯤꯐꯇꯤ ꯐꯥꯢꯚ	55
ꯐꯤꯐꯇꯤ ꯁꯤꯛꯁ	56
ꯐꯤꯐꯇꯤ ꯁꯦꯚꯦꯟ	57
ꯐꯤꯐꯇꯤ ꯑꯩꯠ	58
ꯐꯤꯐꯇꯤ ꯅꯥꯢꯟ	59
ꯁꯤꯛꯁꯇꯤ	60
ꯁꯤꯛꯁꯇꯤ ꯑꯣꯅꯦ	61
ꯁꯤꯛꯁꯇꯤ ꯇꯨꯑꯣ	62
ꯁꯤꯛꯁꯇꯤ ꯊ꯭ꯔꯤ	63
ꯁꯤꯛꯁꯇꯤ ꯐꯧꯔ	64
ꯁꯤꯛꯁꯇꯤ ꯐꯥꯢꯚ	65
ꯁꯤꯛꯁꯇꯤ ꯁꯤꯛꯁ	66
ꯁꯤꯛꯁꯇꯤ ꯁꯦꯚꯦꯟ	67
ꯁꯤꯛꯁꯇꯤ ꯑꯩꯠ	68
ꯁꯤꯛꯁꯇꯤ ꯅꯥꯢꯟ	69
ꯁꯦꯚꯦꯟꯇꯤ	70
ꯁꯦꯚꯦꯟꯇꯤ ꯑꯣꯅꯦ	71
ꯁꯦꯚꯦꯟꯇꯤ ꯇꯨꯑꯣ	72
ꯁꯦꯚꯦꯟꯇꯤ ꯊ꯭ꯔꯤ	73
ꯁꯦꯚꯦꯟꯇꯤ ꯐꯧꯔ	74
ꯁꯦꯚꯦꯟꯇꯤ ꯐꯥꯢꯚ	75
ꯁꯦꯚꯦꯟꯇꯤ ꯁꯤꯛꯁ	76
ꯁꯦꯚꯦꯟꯇꯤ ꯁꯦꯚꯦꯟ	77
ꯁꯦꯚꯦꯟꯇꯤ ꯑꯩꯠ	78
ꯁꯦꯚꯦꯟꯇꯤ ꯅꯥꯢꯟ	79
ꯑꯩꯇꯤ	80
ꯑꯩꯇꯤ ꯑꯣꯅꯦ	81
ꯑꯩꯇꯤ ꯇꯨꯑꯣ	82
ꯑꯩꯇꯤ ꯊ꯭ꯔꯤ	83
ꯑꯩꯇꯤ ꯐꯧꯔ	84
ꯑꯩꯇꯤ ꯐꯥꯢꯚ	85
ꯑꯩꯇꯤ ꯁꯤꯛꯁ	86
ꯑꯩꯇꯤ ꯁꯦꯚꯦꯟ	87
ꯑꯩꯇꯤ ꯑꯩꯠ	88
ꯑꯩꯇꯤ ꯅꯥꯢꯟ	89
ꯅꯥꯢꯟꯇꯤ	90
ꯅꯥꯢꯟꯇꯤ ꯑꯣꯅꯦ	91
ꯅꯥꯢꯟꯇꯤ ꯇꯨꯑꯣ	92
ꯅꯥꯢꯟꯇꯤ ꯊ꯭ꯔꯤ	93
ꯅꯥꯢꯟꯇꯤ ꯐꯧꯔ	94
ꯅꯥꯢꯟꯇꯤ ꯐꯥꯢꯚ	95
ꯅꯥꯢꯟꯇꯤ ꯁꯤꯛꯁ	96
ꯅꯥꯢꯟꯇꯤ ꯁꯦꯚꯦꯟ	97
ꯅꯥꯢꯟꯇꯤ ꯑꯩꯠ	98
ꯅꯥꯢꯟꯇꯤ ꯅꯥꯢꯟ	99